[
  {
    "value": "belts",
    "synonyms": [
      "belts",
      "belt"
    ]
  },
  {
    "value": "glasses",
    "synonyms": [
      "glasses",
      "sunglasses",
      "frames"
    ]
  },
  {
    "value": "gloves",
    "synonyms": [
      "gloves",
      "mittens"
    ]
  },
  {
    "value": "hats",
    "synonyms": [
      "hats",
      "caps",
      "hat",
      "cap",
      "tuque",
      "tuques"
    ]
  },
  {
    "value": "scarves",
    "synonyms": [
      "scarves",
      "scarf"
    ]
  },
  {
    "value": "jewelry",
    "synonyms": [
      "jewelry",
      "necklace",
      "bracelet",
      "watch",
      "earrings",
      "earring",
      "ring",
      "rings"
    ]
  },
  {
    "value": "bag",
    "synonyms": [
      "bag",
      "bags",
      "purse",
      "satchel",
      "backpack",
      "tote",
      "wallet",
      "clutch"
    ]
  },
  {
    "value": "tights",
    "synonyms": [
      "tights",
      "hosiery"
    ]
  }
]