[
  {
    "value": "white",
    "synonyms": [
      "white",
      "blanc",
      "blanche"
    ]
  },
  {
    "value": "Beige",
    "synonyms": [
      "Beige",
      "off-white"
    ]
  },
  {
    "value": "pink",
    "synonyms": [
      "pink",
      "rose",
      "fuschia",
      "coral",
      "salmon"
    ]
  },
  {
    "value": "purple",
    "synonyms": [
      "mauve",
      "purple",
      "lilac",
      "violet",
      "wine",
      "plum",
      "lavender",
      "heliotrope",
      "amethyst"
    ]
  },
  {
    "value": "red",
    "synonyms": [
      "red",
      "crimson",
      "garnet",
      "ruby",
      "cherry",
      "vermillion"
    ]
  },
  {
    "value": "orange",
    "synonyms": [
      "orange",
      "peach"
    ]
  },
  {
    "value": "yellow",
    "synonyms": [
      "yellow"
    ]
  },
  {
    "value": "green",
    "synonyms": [
      "green"
    ]
  },
  {
    "value": "blue",
    "synonyms": [
      "blue"
    ]
  },
  {
    "value": "indigo",
    "synonyms": [
      "indigo",
      "dark"
    ]
  },
  {
    "value": "black",
    "synonyms": [
      "black",
      "ink",
      "dark"
    ]
  },
  {
    "value": "brown",
    "synonyms": [
      "brown",
      "sepia",
      "burnt sienna",
      "dark"
    ]
  },
  {
    "value": "ochre",
    "synonyms": [
      "ochre",
      "raw sienna"
    ]
  },
  {
    "value": "teal",
    "synonyms": [
      "teal",
      "turquoise"
    ]
  }
]