[
  {
    "value": "Formal",
    "synonyms": [
      "Formal",
      "Interview",
      "Business",
      "meeting",
      "conference",
      "presentation",
      "business professional",
      "professional",
      "business formal"
    ]
  },
  {
    "value": "Formal",
    "synonyms": [
      "Prom",
      "Ball",
      "Fancy",
      "special",
      "special occasion",
      "anniversary",
      "opera",
      "recital",
      "ostentatious",
      "formal"
    ]
  },
  {
    "value": "Casual",
    "synonyms": [
      "Casual",
      "Daily",
      "any",
      "simple",
      "Comfortable",
      "laid-back",
      "street"
    ]
  },
  {
    "value": "Spring",
    "synonyms": [
      "Spring"
    ]
  },
  {
    "value": "Summer",
    "synonyms": [
      "Summer",
      "cool",
      "tropical",
      "hawaii",
      "vacation"
    ]
  },
  {
    "value": "Fall",
    "synonyms": [
      "Fall",
      "windy",
      "long",
      "autumn"
    ]
  },
  {
    "value": "Winter",
    "synonyms": [
      "Winter",
      "for the cold",
      "warm",
      "chilly",
      "cold weather",
      "freezing",
      "north pole",
      "canada",
      "snowy",
      "wind chill"
    ]
  },
  {
    "value": "Random",
    "synonyms": [
      "Random",
      "Anything",
      "surprise",
      "lucky",
      "silly",
      "weird"
    ]
  },
  {
    "value": "Smart Casual",
    "synonyms": [
      "Smart Casual",
      "smart",
      "business casual",
      "sophisticated"
    ]
  },
  {
    "value": "Rain wear",
    "synonyms": [
      "Rain wear",
      "rainy",
      "rain"
    ]
  },
  {
    "value": "Athletic",
    "synonyms": [
      "Athletic",
      "running",
      "sporty",
      "sports",
      "sport",
      "work out",
      "jogging"
    ]
  },
  {
    "value": "party",
    "synonyms": [
      "party"
    ]
  }
]