[
  {
    "value": "top",
    "synonyms": [
      "top",
      "tops",
      "shirt",
      "button down",
      "flannel",
      "t-shirt",
      "blouse",
      "tee shirt",
      "dress shirt",
      "pullover",
      "chemise",
      "tunic",
      "turtleneck",
      "v-neck",
      "round neck",
      "boat neck"
    ]
  },
  {
    "value": "bottom",
    "synonyms": [
      "bottom",
      "bottoms",
      "jeans",
      "khakis",
      "shorts",
      "skirt",
      "skirts",
      "pants",
      "sweats",
      "sweatpants",
      "leggings",
      "overalls",
      "pantsuit"
    ]
  },
  {
    "value": "coat",
    "synonyms": [
      "jackets",
      "jacket",
      "outerwear",
      "coat",
      "blazer",
      "shawl",
      "bomber"
    ]
  },
  {
    "value": "sweater",
    "synonyms": [
      "sweater",
      "cardigan",
      "vest"
    ]
  },
  {
    "value": "one piece",
    "synonyms": [
      "one piece",
      "one-piece",
      "jumpsuit",
      "romper",
      "bodysuit",
      "dress",
      "gown",
      "sundress"
    ]
  },
  {
    "value": "shoes",
    "synonyms": [
      "shoes",
      "sneakers",
      "boots",
      "heels",
      "pumps",
      "sandals",
      "flip flops",
      "runners",
      "flats"
    ]
  }
]