[
  {
    "id": "3c39b4a4-f880-4bd1-9fed-92caeb70db7f",
    "data": [
      {
        "text": "update",
        "alias": "actions",
        "meta": "@actions",
        "userDefined": false
      },
      {
        "text": " wardrobe",
        "userDefined": false
      }
    ],
    "isTemplate": false,
    "count": 0,
    "updated": 1516486210
  },
  {
    "id": "440cfe70-e8a3-44cb-9c54-204d2caf1714",
    "data": [
      {
        "text": "update",
        "alias": "actions",
        "meta": "@actions",
        "userDefined": false
      },
      {
        "text": " closet",
        "userDefined": false
      }
    ],
    "isTemplate": false,
    "count": 0,
    "updated": 1516486210
  },
  {
    "id": "3aab825e-8fe0-494d-abc2-a45a79fab056",
    "data": [
      {
        "text": "i want to ",
        "userDefined": false
      },
      {
        "text": "add",
        "alias": "actions",
        "meta": "@actions",
        "userDefined": false
      },
      {
        "text": " something",
        "userDefined": false
      }
    ],
    "isTemplate": false,
    "count": 0,
    "updated": 1516486210
  }
]