[
  {
    "id": "9c72bd72-3f66-4044-a467-e62eca8658e6",
    "data": [
      {
        "text": "open stylist",
        "userDefined": false
      }
    ],
    "isTemplate": false,
    "count": 0
  },
  {
    "id": "ab0c9941-8732-4ee4-a9b8-5e73624ed3bd",
    "data": [
      {
        "text": "open wardrobe",
        "userDefined": false
      }
    ],
    "isTemplate": false,
    "count": 0
  },
  {
    "id": "203db2f9-f8e2-4861-8494-4e9e66bae52d",
    "data": [
      {
        "text": "hello wardrobe assistant",
        "userDefined": false
      }
    ],
    "isTemplate": false,
    "count": 0
  },
  {
    "id": "c69fa993-2b3e-4030-9d6a-6103a9326957",
    "data": [
      {
        "text": "hi",
        "userDefined": false
      }
    ],
    "isTemplate": false,
    "count": 0
  },
  {
    "id": "8f143b82-333c-4d16-a693-ad64f568291d",
    "data": [
      {
        "text": "hey",
        "userDefined": false
      }
    ],
    "isTemplate": false,
    "count": 0
  },
  {
    "id": "55557a49-0f9a-411c-bfb3-4127ca95f2df",
    "data": [
      {
        "text": "hello",
        "userDefined": false
      }
    ],
    "isTemplate": false,
    "count": 0
  }
]