[
  {
    "id": "7bf1aead-cbba-4972-b7a9-0210617478c1",
    "data": [
      {
        "text": "goodbye",
        "userDefined": false
      }
    ],
    "isTemplate": false,
    "count": 0
  },
  {
    "id": "477d726d-803a-4a6a-a065-4fc0d2f95439",
    "data": [
      {
        "text": "exit",
        "userDefined": false
      }
    ],
    "isTemplate": false,
    "count": 0
  },
  {
    "id": "00d84e45-7886-4ffb-b25d-85303ee5dec7",
    "data": [
      {
        "text": "bye",
        "userDefined": false
      }
    ],
    "isTemplate": false,
    "count": 0,
    "updated": 1516457102
  },
  {
    "id": "687d3103-2306-4b37-a758-22e511700181",
    "data": [
      {
        "text": "quit",
        "userDefined": false
      }
    ],
    "isTemplate": false,
    "count": 0,
    "updated": 1516457102
  },
  {
    "id": "e5b303b1-c27a-40a9-bd88-a027f643b070",
    "data": [
      {
        "text": "I\u0027m good for ",
        "userDefined": false
      },
      {
        "text": "today",
        "meta": "@sys.ignore",
        "userDefined": false
      }
    ],
    "isTemplate": false,
    "count": 0,
    "updated": 1516457102
  }
]