[
  {
    "id": "4718d70f-2661-44ac-856a-0d9c7641d0d7",
    "data": [
      {
        "text": "it\u0027s ",
        "userDefined": false
      },
      {
        "text": "nice",
        "alias": "userFeedback",
        "meta": "@userFeedback",
        "userDefined": true
      }
    ],
    "isTemplate": false,
    "count": 0
  },
  {
    "id": "43de5ca8-244b-445b-a36a-dc393da09672",
    "data": [
      {
        "text": "yes",
        "alias": "userFeedback",
        "meta": "@userFeedback",
        "userDefined": false
      }
    ],
    "isTemplate": false,
    "count": 0
  },
  {
    "id": "63d1043f-2b1d-4306-b04c-b2633d7cfda1",
    "data": [
      {
        "text": "I ",
        "userDefined": false
      },
      {
        "text": "like",
        "alias": "userFeedback",
        "meta": "@userFeedback",
        "userDefined": false
      },
      {
        "text": " it",
        "userDefined": false
      }
    ],
    "isTemplate": false,
    "count": 0
  },
  {
    "id": "8e3a3dd7-ffef-4f42-9b09-657b262cdc5f",
    "data": [
      {
        "text": "nah",
        "alias": "userFeedback",
        "meta": "@userFeedback",
        "userDefined": false
      }
    ],
    "isTemplate": false,
    "count": 0
  },
  {
    "id": "dda37098-4735-4744-b3bb-f410eaf800c9",
    "data": [
      {
        "text": "I ",
        "userDefined": false
      },
      {
        "text": "don\u0027t like",
        "alias": "userFeedback",
        "meta": "@userFeedback",
        "userDefined": false
      },
      {
        "text": " it",
        "userDefined": false
      }
    ],
    "isTemplate": false,
    "count": 0
  }
]