[
  {
    "id": "78ef9721-92b7-4fd9-9255-883421df34f6",
    "data": [
      {
        "text": "new",
        "alias": "actions",
        "meta": "@actions",
        "userDefined": true
      },
      {
        "text": " ",
        "userDefined": false
      },
      {
        "text": "jacket",
        "alias": "type",
        "meta": "@type",
        "userDefined": false
      }
    ],
    "isTemplate": false,
    "count": 0
  },
  {
    "id": "140eb8fc-239f-4ec0-959b-feeb26f3cc44",
    "data": [
      {
        "text": "new",
        "alias": "actions",
        "meta": "@actions",
        "userDefined": true
      },
      {
        "text": " ",
        "userDefined": false
      },
      {
        "text": "dress",
        "alias": "type",
        "meta": "@type",
        "userDefined": false
      }
    ],
    "isTemplate": false,
    "count": 0
  },
  {
    "id": "923585bd-b917-4ffe-b19b-a57980d35202",
    "data": [
      {
        "text": "add",
        "alias": "actions",
        "meta": "@actions",
        "userDefined": false
      },
      {
        "text": " some ",
        "userDefined": false
      },
      {
        "text": "jeans",
        "alias": "type",
        "meta": "@type",
        "userDefined": false
      }
    ],
    "isTemplate": false,
    "count": 0
  },
  {
    "id": "57229fc0-00fe-4e88-82f3-c9b739ddd90f",
    "data": [
      {
        "text": "new",
        "alias": "actions",
        "meta": "@actions",
        "userDefined": true
      },
      {
        "text": " ",
        "userDefined": false
      },
      {
        "text": "t-shirt",
        "alias": "type",
        "meta": "@type",
        "userDefined": false
      }
    ],
    "isTemplate": false,
    "count": 0
  },
  {
    "id": "0c1d9da7-a786-47c6-832a-1c99ddee7f76",
    "data": [
      {
        "text": "add",
        "alias": "actions",
        "meta": "@actions",
        "userDefined": true
      },
      {
        "text": " ",
        "userDefined": false
      },
      {
        "text": "red",
        "alias": "Colours",
        "meta": "@Colours",
        "userDefined": false
      },
      {
        "text": " ",
        "userDefined": false
      },
      {
        "text": "dress",
        "alias": "type",
        "meta": "@type",
        "userDefined": true
      }
    ],
    "isTemplate": false,
    "count": 0
  }
]