[
  {
    "id": "c783b98c-004f-4503-80c4-f5ffe377c25d",
    "data": [
      {
        "text": "a ",
        "userDefined": false
      },
      {
        "text": "red",
        "alias": "Colours",
        "meta": "@Colours",
        "userDefined": false
      },
      {
        "text": " ",
        "userDefined": false
      },
      {
        "text": "cool",
        "alias": "Style",
        "meta": "@Style",
        "userDefined": false
      },
      {
        "text": " ",
        "userDefined": false
      },
      {
        "text": "casual",
        "alias": "Style",
        "meta": "@Style",
        "userDefined": false
      },
      {
        "text": " ",
        "userDefined": false
      },
      {
        "text": "outfit",
        "alias": "actions",
        "meta": "@actions",
        "userDefined": false
      }
    ],
    "isTemplate": false,
    "count": 0
  },
  {
    "id": "10e4333b-4ec1-4fc0-ad3b-f4142fdf8ca5",
    "data": [
      {
        "text": "surprise",
        "alias": "Style",
        "meta": "@Style",
        "userDefined": true
      },
      {
        "text": " me",
        "userDefined": false
      }
    ],
    "isTemplate": false,
    "count": 0
  },
  {
    "id": "ab75d37c-b460-422e-a0e5-775eb261489a",
    "data": [
      {
        "text": "anything",
        "alias": "Style",
        "meta": "@Style",
        "userDefined": false
      },
      {
        "text": ", i guess",
        "userDefined": false
      }
    ],
    "isTemplate": false,
    "count": 0
  },
  {
    "id": "8fa5cfee-3cdd-4b48-b40e-549d20f59fef",
    "data": [
      {
        "text": "do i own ",
        "userDefined": false
      },
      {
        "text": "anything",
        "meta": "@sys.ignore",
        "userDefined": false
      },
      {
        "text": " ",
        "userDefined": false
      },
      {
        "text": "formal",
        "alias": "Style",
        "meta": "@Style",
        "userDefined": false
      },
      {
        "text": "?",
        "userDefined": false
      }
    ],
    "isTemplate": false,
    "count": 0
  },
  {
    "id": "67afbb0e-aa00-4e9a-a98d-9fff85e999b6",
    "data": [
      {
        "text": "unisex",
        "alias": "gender",
        "meta": "@gender",
        "userDefined": false
      }
    ],
    "isTemplate": false,
    "count": 0
  },
  {
    "id": "18beeca2-6b92-41b3-85c1-b75fbd1aeff9",
    "data": [
      {
        "text": "nice and ",
        "userDefined": false
      },
      {
        "text": "warm",
        "alias": "Style",
        "meta": "@Style",
        "userDefined": false
      },
      {
        "text": " for ",
        "userDefined": false
      },
      {
        "text": "the winter",
        "alias": "Style",
        "meta": "@Style",
        "userDefined": false
      }
    ],
    "isTemplate": false,
    "count": 0
  },
  {
    "id": "177c805d-b5fc-4c51-ba1f-84e74a7848e9",
    "data": [
      {
        "text": "pink",
        "alias": "Colours",
        "meta": "@Colours",
        "userDefined": false
      },
      {
        "text": " and ",
        "userDefined": false
      },
      {
        "text": "fancy",
        "alias": "Style",
        "meta": "@Style",
        "userDefined": false
      }
    ],
    "isTemplate": false,
    "count": 0
  },
  {
    "id": "9f177ad3-9828-40d8-8525-57ddf1647e62",
    "data": [
      {
        "text": "business",
        "alias": "Style",
        "meta": "@Style",
        "userDefined": false
      },
      {
        "text": " professional",
        "userDefined": false
      }
    ],
    "isTemplate": false,
    "count": 0
  },
  {
    "id": "b340eb97-d444-4ad3-8213-2da2d27c50e7",
    "data": [
      {
        "text": "What should I wear to a ",
        "userDefined": false
      },
      {
        "text": "formal",
        "alias": "Style",
        "meta": "@Style",
        "userDefined": false
      },
      {
        "text": " event",
        "userDefined": false
      }
    ],
    "isTemplate": false,
    "count": 0
  },
  {
    "id": "281d5405-5e18-498e-b2cc-143648e027fe",
    "data": [
      {
        "text": "I need something ",
        "userDefined": false
      },
      {
        "text": "business casual",
        "alias": "Style",
        "meta": "@Style",
        "userDefined": false
      }
    ],
    "isTemplate": false,
    "count": 0
  },
  {
    "id": "69d0f94b-eeee-4596-9eb1-32f15baa1bdf",
    "data": [
      {
        "text": "I have an ",
        "userDefined": false
      },
      {
        "text": "interview",
        "alias": "Style",
        "meta": "@Style",
        "userDefined": false
      }
    ],
    "isTemplate": false,
    "count": 0
  },
  {
    "id": "332bd7d9-61c5-4897-becc-3df85f712f9f",
    "data": [
      {
        "text": "I want to wear something ",
        "userDefined": false
      },
      {
        "text": "fancy",
        "alias": "Style",
        "meta": "@Style",
        "userDefined": false
      }
    ],
    "isTemplate": false,
    "count": 0
  },
  {
    "id": "82eb6369-9630-4776-b116-49ac951ccd11",
    "data": [
      {
        "text": "give me a ",
        "userDefined": false
      },
      {
        "text": "casual",
        "alias": "Style",
        "meta": "@Style",
        "userDefined": true
      },
      {
        "text": " outfit",
        "userDefined": false
      }
    ],
    "isTemplate": false,
    "count": 0,
    "updated": 1516421120
  }
]