[
  {
    "id": "5d0451c0-4ca2-42f4-b349-b41b6a2e4b20",
    "data": [
      {
        "text": "formal",
        "alias": "tags",
        "meta": "@tags",
        "userDefined": false
      }
    ],
    "isTemplate": false,
    "count": 0
  },
  {
    "id": "22f5dd66-55d7-4c95-a927-015b37a0b72b",
    "data": [
      {
        "text": "i want something ",
        "userDefined": false
      },
      {
        "text": "formal",
        "alias": "tags",
        "meta": "@tags",
        "userDefined": false
      }
    ],
    "isTemplate": false,
    "count": 0
  },
  {
    "id": "56daedb4-bc10-4256-9d2e-c247724e49b8",
    "data": [
      {
        "text": "I want something ",
        "userDefined": false
      },
      {
        "text": "casual",
        "alias": "tags",
        "meta": "@tags",
        "userDefined": false
      }
    ],
    "isTemplate": false,
    "count": 0
  },
  {
    "id": "45068156-0b0c-4d76-ac7e-6e9fceabbd6e",
    "data": [
      {
        "text": "I\u0027m looking for something ",
        "userDefined": false
      },
      {
        "text": "casual",
        "alias": "tags",
        "meta": "@tags",
        "userDefined": false
      }
    ],
    "isTemplate": false,
    "count": 0
  },
  {
    "id": "b8851424-3143-482c-809a-a5143f600d69",
    "data": [
      {
        "text": "casual",
        "alias": "tags",
        "meta": "@tags",
        "userDefined": false
      }
    ],
    "isTemplate": false,
    "count": 0
  }
]